run,trial_index,face,face_onset_psy,face_onset_dev,correct_key,response_key,is_resp_corr,rt_psy,rt_dev
2,1,WNA,18.46781674999511,192.626549708,red,NaN,0,NaN,NaN
2,2,MFB,20.232834666996496,194.38555016700002,green,NaN,0,NaN,NaN
2,3,MAA,22.099521916999947,196.254174167,green,NaN,0,NaN,NaN
2,4,WHB,23.716204666998237,197.86940083300001,red,NaN,0,NaN,NaN
2,5,MSB,25.633068374998402,199.78739262500002,green,NaN,0,NaN,NaN
