run,trial_index,face,face_onset_psy,face_onset_dev,correct_key,response_key,is_resp_corr,rt_psy,rt_dev
2,1,WNA,6.9390347079970525,786.904939416,red,NaN,0,NaN,NaN
2,2,MFB,8.538776457993663,788.5027404580001,green,NaN,0,NaN,NaN
2,3,MAA,10.255590416993073,790.2193298330001,green,NaN,0,NaN,NaN
2,4,WHB,11.955470374996366,791.919021666,red,NaN,0,NaN,NaN
2,5,MSB,13.522181332999025,793.4860593750001,green,NaN,0,NaN,NaN
