run,trial_index,face,face_onset_psy,face_onset_dev,correct_key,response_key,is_resp_corr,rt_psy,rt_dev
1,1,WSB,9.401401750001241,411.02761537500004,red,NaN,0,NaN,NaN
1,2,MNB,10.951044874993386,412.57534891700004,green,NaN,0,NaN,NaN
1,3,MFB,12.884549790993333,414.50852475000005,green,NaN,0,NaN,NaN
1,4,WAB,14.701159666001331,416.32553162500005,red,NaN,0,NaN,NaN
1,5,WFB,16.50117879100435,418.12516891700005,red,NaN,0,NaN,NaN
