run,trial_index,face,face_onset_psy,face_onset_dev,correct_key,response_key,is_resp_corr,rt_psy,rt_dev
1,1,WSB,7.634560375008732,56.111669833,red,NaN,0,NaN,NaN
1,2,MNB,9.583192542006145,58.064565125,green,NaN,0,NaN,NaN
1,3,MFB,11.116799208000884,59.597828167,green,NaN,0,NaN,NaN
1,4,WAB,12.683438542007934,61.16438825,red,NaN,0,NaN,NaN
1,5,WFB,14.466848042007769,62.948487750000005,red,NaN,0,NaN,NaN
