run,trial_index,face,face_onset_psy,face_onset_dev,correct_key,response_key,is_resp_corr,rt_psy,rt_dev
1,1,WSB,10.820236791987554,118.30364333300001,red,NaN,0,NaN,NaN
1,2,MNB,12.719818332989234,120.20052700000001,green,NaN,0,NaN,NaN
1,3,MFB,14.619926707993727,122.10199220800001,green,NaN,0,NaN,NaN
1,4,WAB,16.269985082995845,123.751193333,red,NaN,0,NaN,NaN
1,5,WFB,17.93656116699276,125.41888112500001,red,NaN,0,NaN,NaN
