run,trial_index,face,face_onset_psy,face_onset_dev,correct_key,response_key,is_resp_corr,rt_psy,rt_dev
1,1,WSB,12.786263417001464,751.768982583,red,NaN,0,NaN,NaN
1,2,MNB,15.039824416999181,754.022920458,green,NaN,0,NaN,NaN
1,3,MFB,17.102718249996542,756.086692791,green,green,1,0.9379380419995869,0.9429722090000041
1,4,WAB,18.736037249997025,757.7203124580001,red,red,1,0.7919583750044694,0.7988962919998812
1,5,WFB,20.55265800000052,759.5362825000001,red,red,1,0.87102045899519,0.8695259579999401
