run,trial_index,sound,sound_onset_dev,sound_onset_psy
1,0,STD,638.563782291,14.013114082998072
1,1,STD,639.097151,14.54638008299662
1,2,STD,639.6305076660001,15.079664832999697
1,3,STD,640.163721083,15.61286708300031
1,4,STD,640.6969313330001,16.146245041003567
