run,trial_index,sound,sound_onset_dev,sound_onset_psy
2,0,STD,666.5145042910001,21.84490554199874
2,1,STD,667.048186125,22.378110291996563
2,2,STD,667.5805703330001,22.911558333995345
2,3,STD,668.114210791,23.444579541996063
2,4,STD,668.648193666,23.978048459001002
