run,trial_index,sound,sound_onset_dev,sound_onset_psy
1,0,STD,894.0882512920001,16.913441749988124
1,1,STD,894.622652,17.447279250016436
