run,trial_index,sound,sound_onset_dev,sound_onset_psy
2,0,STD,114.281847041,22.357566416998452
2,1,STD,114.823950541,22.92259833299613
2,2,STD,115.381603291,23.455720957994345
2,3,STD,115.914789166,23.98933029199543
2,4,STD,116.44815908300001,24.522636999994575
