run,trial_index,sound,sound_onset_dev,sound_onset_psy
1,0,STD,1079.9765166670002,14.572303042048588
1,1,STD,1080.509864584,15.10587775008753
