run,trial_index,sound,sound_onset_dev,sound_onset_psy
1,0,STD,85.847987625,13.778784041001927
1,1,STD,86.38110850000001,14.312317415999132
1,2,STD,86.91461195800001,14.845326082999236
1,3,STD,87.44827512500001,15.37869820799824
1,4,STD,87.98188079100001,15.911985040998843
