run,trial_index,sound,sound_onset_dev,sound_onset_psy
1,0,STD,796.201619209,14.398691584123299
1,1,STD,796.734895542,14.932895625010133
1,2,STD,797.2689877920001,15.465432292083278
1,3,STD,797.802018792,15.999785624910146
1,4,STD,798.33499425,16.532161250011995
1,5,STD,798.870788875,17.067244624951854
1,6,STD,799.518625875,17.73267800011672
1,7,STD,800.103214417,18.300349292112514
1,8,STD,800.636989417,18.8322101670783
