run,trial_index,face,face_onset_psy,face_onset_dev,correct_key,response_key,is_resp_corr,rt_psy,rt_dev
1,1,WSB,6.692174249998061,22.726439958,red,NaN,0,NaN,NaN
1,2,WNB,8.454067582999414,24.483937291,red,NaN,0,NaN,NaN
1,3,MNB,10.270937124994816,26.300266458000003,green,NaN,0,NaN,NaN
1,4,MFB,12.187629874999402,28.217328083,green,NaN,0,NaN,NaN
1,5,WSB,14.054169416995137,30.083590166,red,NaN,0,NaN,NaN
