run,trial_index,sound,sound_onset_dev,sound_onset_psy
2,0,STD,502.473769708,15.002027208000072
2,1,STD,503.00753662500006,15.53539049999381
2,2,STD,503.5407215,16.068765666990657
2,3,STD,504.07392758300006,16.602006207991508
2,4,STD,504.60735079200003,17.13528887499706
