run,trial_index,sound,sound_onset_dev,sound_onset_psy
2,0,STD,853.986247166,18.679018540999095
2,1,STD,854.5330347500001,19.21202054099558
2,2,STD,855.067090375,19.746257999999216
2,3,STD,855.6035662500001,20.27892179099581
2,4,STD,856.134140041,20.81214891599666
