run,trial_index,sound,sound_onset_dev,sound_onset_psy
1,0,STD,477.923647667,16.065635625011055
1,1,STD,478.45693583300005,16.598737083011656
1,2,STD,478.98992004200005,17.131893791010953
1,3,STD,479.52343912500004,17.66545179100649
1,4,STD,480.05699854200003,18.198843040998327
