run,trial_index,sound,sound_onset_dev,sound_onset_psy
1,0,STD,827.1998402500001,12.086819500000274
1,1,STD,827.733011291,12.619902500002354
1,2,STD,828.2678836250001,13.153433625004254
1,3,STD,828.8001542500001,13.686943042004714
1,4,STD,829.3330668750001,14.220089667003776
