run,trial_index,sound,sound_onset_dev,sound_onset_psy
1,0,STD,273.86789416700003,25.16618975000165
1,1,STD,274.401410542,25.6996021669911
1,2,STD,274.937814417,26.236102374998154
1,3,STD,275.467788417,26.766091458994197
1,4,STD,276.001302,27.299309374997392
